{
  "name": "QSPI_NOR_8X2MB_B64KB_S4KB_P256",
  "type": "QSPI_NOR",
  "minIoSize": 1,
  "pageSize": 256,
  "pebSize": "4KiB",
  "sectorSize": "4KiB",
  "blockSize": "64KiB",
  "flashSize": "8MiB",
  "erasedValue": "0xFF",
  "combinedFlashSize": "8MiB",
  "devices": [
    {
      "name": "GD25LQ64C",
      "manufacturer": "GigaDevice",
      "vendorId": "0xC8",
      "deviceId": "0x6017"
    },
    {
      "name": "GD25LF64E",
      "manufacturer": "GigaDevice",
      "vendorId": "0xC8",
      "deviceId": "0x6317"
    }
  ]
}
