{
   "commands" : [
      {
         "command" : "require",
         "group" : "0",
         "name" : "product",
         "type" : "value"
      },
      {
         "command" : "require",
         "group" : "0",
         "name" : "version",
         "type" : "value"
      },
      {
         "command" : "require",
         "group" : "0",
         "name" : "version-bootrom",
         "type" : "value"
      },
      {
         "command" : "progress",
         "group" : "0",
         "name" : "weight",
         "type" : "value"
      },
      {
         "command" : "call",
         "group" : "0",
         "name" : "preboot",
         "type" : "image"
      },
      {
         "command" : "call",
         "group" : "0",
         "name" : "flasher",
         "type" : "image"
      },
      {
         "command" : "partition",
         "group" : "0",
         "name" : "flashinfo",
         "type" : "image"
      },
      {
         "command" : "partition",
         "group" : "0",
         "name" : "partition",
         "type" : "image"
      },
      {
         "command" : "flash",
         "group" : "1",
         "name" : "bootloader",
         "partition" : "bootloader",
         "type" : "image"
      },
      {
         "command" : "flash",
         "group" : "2",
         "name" : "partition",
         "partition" : "ptable",
         "type" : "image"
      },
      {
         "command" : "flash",
         "disable" : true,
         "group" : "2",
         "name" : "fwcerts",
         "partition" : "fwcerts",
         "type" : "image"
      },
      {
         "command" : "flash",
         "group" : "2",
         "name" : "rd",
         "partition" : "rd",
         "type" : "image"
      },
      {
         "command" : "flash",
         "disable" : true,
         "group" : "2",
         "name" : "apn",
         "partition" : "apn",
         "type" : "image"
      },
      {
         "command" : "flash",
         "group" : "2",
         "name" : "cp",
         "partition" : "cp",
         "type" : "image"
      },
      {
         "command" : "flash",
         "group" : "2",
         "name" : "dsp",
         "partition" : "dsp",
         "type" : "image"
      },
      {
         "command" : "flash",
         "group" : "2",
         "name" : "rfbin",
         "partition" : "rfbin",
         "type" : "image"
      },
      {
         "command" : "flash",
         "disable" : true,
         "group" : "2",
         "name" : "logo",
         "partition" : "logo",
         "type" : "image"
      },
      {
         "command" : "flash",
         "disable" : true,
         "group" : "2",
         "name" : "updater",
         "partition" : "updater",
         "type" : "image"
      },
      {
         "command" : "flash",
         "group" : "7",
         "name" : "customer_app",
         "partition" : "customer_app",
         "type" : "image"
      },
      {
         "command" : "flash",
         "group" : "3",
         "name" : "fota_param",
         "partition" : "fota_param",
         "type" : "image"
      },
      {
         "command" : "erase",
         "disable" : true,
         "group" : "3",
         "partition" : "fota_pkg"
      },
      {
         "command" : "erase",
         "group" : "4",
         "partition" : "nvm"
      },
      {
         "command" : "erase",
         "group" : "5",
         "partition" : "factory",
         "productionOnly" : true
      },
      {
         "command" : "fuse",
         "group" : "5",
         "name" : "fuse",
         "productionOnly" : true,
         "type" : "image"
      },
      {
         "command" : "erase",
         "group" : "8",
         "partition" : "cus_data"
      }
   ],
   "images" : [
      {
         "format" : "raw",
         "image" : "preboot.bin",
         "io" : "in",
         "name" : "preboot_bin"
      },
      {
         "format" : "raw",
         "image" : "boot2.bin",
         "io" : "in",
         "name" : "boot2_bin"
      },
      {
         "format" : "raw",
         "image" : "flasher.bin",
         "io" : "in",
         "name" : "flasher_bin"
      },
      {
         "format" : "raw",
         "image" : "boot33.bin",
         "io" : "in",
         "name" : "boot33_bin"
      },
      {
         "format" : "raw",
         "image" : "cp.bin",
         "io" : "in",
         "name" : "cp"
      },
      {
         "format" : "raw",
         "image" : "dsp.bin",
         "io" : "in",
         "name" : "dsp"
      },
      {
         "format" : "raw",
         "image" : "rf.bin",
         "io" : "in",
         "name" : "rfbin"
      },
      {
         "format" : "raw",
         "image" : "logo.bin",
         "io" : "in",
         "name" : "logo"
      },
      {
         "format" : "raw",
         "image" : "updater.bin",
         "io" : "in",
         "name" : "updater"
      },
      {
         "format" : "raw",
         "image" : "ReliableData.bin",
         "io" : "in",
         "name" : "rd"
      },
      {
         "format" : "raw",
         "image" : "apn.bin",
         "io" : "in",
         "name" : "apn"
      },
      {
         "format" : "finf",
         "image" : "flashinfo.bin",
         "io" : "out",
         "name" : "flashinfo"
      },
      {
         "format" : "aptb",
         "image" : "partition.bin",
         "io" : "out",
         "name" : "partition"
      },
      {
         "format" : "fuse",
         "fuse" : {
            "bankNum" : 4,
            "bankSize" : 256,
            "fuseBits" : [ [], [], [], [] ]
         },
         "image" : "fuse.dat",
         "io" : "out",
         "name" : "fuse"
      },
      {
         "format" : "lzma",
         "image" : "preboot.lzma",
         "io" : "out",
         "lzma" : {
            "image" : "preboot_bin"
         },
         "name" : "preboot_lzma"
      },
      {
         "format" : "lzma",
         "image" : "boot2.lzma",
         "io" : "out",
         "lzma" : {
            "image" : "boot2_bin"
         },
         "name" : "boot2_lzma"
      },
      {
         "format" : "lzma",
         "image" : "flasher.lzma",
         "io" : "out",
         "lzma" : {
            "image" : "flasher_bin"
         },
         "name" : "flasher_lzma"
      },
      {
         "format" : "cust",
         "image" : "customer_app.bin",
         "io" : "in",
         "name" : "customer_app"
      },
      {
         "format" : "cust",
         "image" : "fota_param.bin",
         "io" : "in",
         "name" : "fota_param"
      },
      {
         "fip" : {
            "callBoot2" : true,
            "certOnly" : false,
            "disableLog" : true,
            "images" : [
               {
                  "id" : "BL2_IMAGE_ID",
                  "image" : "preboot_lzma"
               }
            ]
         },
         "format" : "fip",
         "image" : "preboot.img",
         "io" : "out",
         "name" : "preboot"
      },
      {
         "fip" : {
            "callBoot2" : true,
            "certOnly" : false,
            "images" : [
               {
                  "id" : "BL2_IMAGE_ID",
                  "image" : "flasher_lzma"
               }
            ]
         },
         "format" : "fip",
         "image" : "flasher.img",
         "io" : "out",
         "name" : "flasher"
      },
      {
         "fip" : {
            "callBoot2" : false,
            "certOnly" : true,
            "images" : [
               {
                  "id" : "CP_IMAGE_ID",
                  "image" : "cp"
               },
               {
                  "id" : "DSP_IMAGE_ID",
                  "image" : "dsp"
               }
            ]
         },
         "format" : "fip",
         "image" : "fwcerts.bin",
         "io" : "out",
         "name" : "fwcerts"
      },
      {
         "format" : "pkey",
         "image" : "ntos.pkey",
         "io" : "out",
         "name" : "ntos_pkey",
         "pkey" : {
            "name" : "nt-os-key"
         }
      },
      {
         "aggr" : [
            {
               "image" : "boot33_bin"
            },
            {
               "image" : "ntos_pkey"
            }
         ],
         "format" : "aggr",
         "image" : "boot33.pkey",
         "io" : "out",
         "name" : "boot33_pkey"
      },
      {
         "format" : "lzma",
         "image" : "boot33.lzma",
         "io" : "out",
         "lzma" : {
            "image" : "boot33_pkey"
         },
         "name" : "boot33_lzma"
      },
      {
         "fip" : {
            "callBoot2" : true,
            "certOnly" : false,
            "disableLog" : true,
            "images" : [
               {
                  "id" : "BL2_IMAGE_ID",
                  "image" : "boot2_lzma"
               },
               {
                  "id" : "BL33_IMAGE_ID",
                  "image" : "boot33_lzma"
               }
            ]
         },
         "format" : "fip",
         "image" : "bootloader.img",
         "io" : "out",
         "name" : "bootloader_img"
      },
      {
         "format" : "ubi",
         "image" : "bootloader.ubi",
         "io" : "out",
         "name" : "bootloader",
         "ubi" : [
            {
               "image" : "flashinfo",
               "type" : "static",
               "volume" : "flashinfo"
            },
            {
               "image" : "partition",
               "type" : "static",
               "volume" : "partition"
            },
            {
               "image" : "preboot",
               "type" : "static",
               "volume" : "preboot"
            },
            {
               "image" : "bootloader_img",
               "type" : "static",
               "volume" : "bootloader"
            }
         ]
      }
   ],
   "name" : "ASR1602_TEMPLATE_OPENSDK",
   "values" : {
      "product" : "arom-tiny",
      "version" : "",
      "version-bootrom" : "",
      "weight" : 0
   }
}
