{
  "name": "QSPI_NOR_2MB_B64KB_S4KB_P256",
  "type": "QSPI_NOR",
  "minIoSize": 1,
  "pageSize": 256,
  "pebSize": "4KiB",
  "sectorSize": "4KiB",
  "blockSize": "64KiB",
  "flashSize": "2MiB",
  "erasedValue": "0xFF",
  "devices": [
    {
      "name": "GD25LQ16E",
      "manufacturer": "GigaDevice",
      "vendorId": "0xC8",
      "deviceId": "0x6015"
    },
    {
      "name": "XM25QU16C",
      "manufacturer": "XMC",
      "vendorId": "0x20",
      "deviceId": "0x5015"
    },
    {
      "name": "SK25LE016",
      "manufacturer": "SiliconKaiser",
      "vendorId": "0x25",
      "deviceId": "0x7015"
    },
    {
      "name": "ZB25LQ16A",
      "manufacturer": "ZBIT",
      "vendorId": "0x5E",
      "deviceId": "0x5015"
    },
    {
      "name": "ZB25WQ16A",
      "manufacturer": "ZBIT",
      "vendorId": "0x5E",
      "deviceId": "0x3415"
    },
    {
      "name": "P25Q16L",
      "manufacturer": "PUYA",
      "vendorId": "0x85",
      "deviceId": "0x6015"
    },
    {
      "name": "BY25Q16AW",
      "manufacturer": "BYTe",
      "vendorId": "0x68",
      "deviceId": "0x1015"
    },
    {
      "name": "FM25W16A",
      "manufacturer": "Fudan",
      "vendorId": "0xA1",
      "deviceId": "0x2815"
    }
  ]
}
