{
  "name": "QSPI_NAND_128MB_B128KB_S128KB_P2KB",
  "type": "QSPI_NAND",
  "minIoSize": "2KiB",
  "pageSize": "2KiB",
  "pebSize": "128KiB",
  "sectorSize": "128KiB",
  "blockSize": "128KiB",
  "flashSize": "128MiB",
  "erasedValue": "0xFF",
  "devices": [
    {
      "name": "GD5F1GQ5U",
      "manufacturer": "GigaDevice",
      "vendorId": "0xC8",
      "deviceId": "0x51"
    },
    {
      "name": "GD5F1GQ5R",
      "manufacturer": "GigaDevice",
      "vendorId": "0xC8",
      "deviceId": "0x41"
    },
    {
      "name": "GD5F1GM7U",
      "manufacturer": "GigaDevice",
      "vendorId": "0xC8",
      "deviceId": "0x91"
    },
    {
      "name": "GD5F1GM7R",
      "manufacturer": "GigaDevice",
      "vendorId": "0xC8",
      "deviceId": "0x81"
    },
    {
      "name": "GD5F1GQ4U",
      "manufacturer": "GigaDevice",
      "vendorId": "0xC8",
      "deviceId": "0xD1"
    },
    {
      "name": "GD5F1GQ4R",
      "manufacturer": "GigaDevice",
      "vendorId": "0xC8",
      "deviceId": "0xC1"
    },
    {
      "name": "MX35UF1G",
      "manufacturer": "Macronix",
      "vendorId": "0xC2",
      "deviceId": "0x9603"
    },
    {
      "name": "W25N01JW",
      "manufacturer": "WinBond",
      "vendorId": "0xEF",
      "deviceId": "0xBC21"
    },
    {
      "name": "W25N01GW",
      "manufacturer": "WinBond",
      "vendorId": "0xEF",
      "deviceId": "0xBA21"
    },
    {
      "name": "W25N01KW",
      "manufacturer": "WinBond",
      "vendorId": "0xEF",
      "deviceId": "0xBE21"
    }
  ]
}
