{
  "name": "QSPI_NOR_8C16MB_B64KB_S4KB_P256",
  "type": "QSPI_NOR",
  "minIoSize": 1,
  "pageSize": 256,
  "pebSize": "4KiB",
  "sectorSize": "4KiB",
  "blockSize": "64KiB",
  "flashSize": "8MiB",
  "erasedValue": "0xFF",
  "combinedFlashSize": "16MiB",
  "devices": [
    {
      "name": "GD25LQ64C",
      "manufacturer": "GigaDevice",
      "vendorId": "0xC8",
      "deviceId": "0x6017"
    },
    {
      "name": "GD25LF64E",
      "manufacturer": "GigaDevice",
      "vendorId": "0xC8",
      "deviceId": "0x6317"
    },
    {
      "name": "GD25LE128E",
      "manufacturer": "GigaDevice",
      "vendorId": "0xC8",
      "deviceId": "0x6018"
    },
    {
      "name": "GD25LF128E",
      "manufacturer": "GigaDevice",
      "vendorId": "0xC8",
      "deviceId": "0x6318"
    },
    {
      "name": "DQ25Q128AL",
      "manufacturer": "DouQiTech",
      "vendorId": "0x54",
      "deviceId": "0x6018"
    },
    {
      "name": "FM25M4AA",
      "manufacturer": "Dosilicon",
      "vendorId": "0xF8",
      "deviceId": "0x4218"
    },
    {
      "name": "DS25M4AB",
      "manufacturer": "Dosilicon",
      "vendorId": "0xE5",
      "deviceId": "0x4218"
    },
    {
      "name": "W25Q128JW-IQ",
      "manufacturer": "Winbond",
      "vendorId": "0xEF",
      "deviceId": "0x6018"
    },
    {
      "name": "W25Q128JW-IM",
      "manufacturer": "Winbond",
      "vendorId": "0xEF",
      "deviceId": "0x8018"
    },
    {
      "name": "MX25U12835F",
      "manufacturer": "Macronix",
      "vendorId": "0xC2",
      "deviceId": "0x2538"
    },
    {
      "name": "XM25QU128B",
      "manufacturer": "XMC",
      "vendorId": "0x20",
      "deviceId": "0x5018"
    },
    {
      "name": "XM25QU128C",
      "manufacturer": "XMC",
      "vendorId": "0x20",
      "deviceId": "0x4118"
    },
    {
      "name": "P25Q128LE",
      "manufacturer": "Puya",
      "vendorId": "0x85",
      "deviceId": "0x6018"
    },
    {
      "name": "ZB25LQ128B",
      "manufacturer": "ZBIT",
      "vendorId": "0x5E",
      "deviceId": "0x5018"
    },
    {
      "name": "FM25W128",
      "manufacturer": "Fudan",
      "vendorId": "0xA1",
      "deviceId": "0x2818"
    }
  ]
}
