{
  "name": "SPI_NAND_128MB_B128KB_S128KB_P2KB",
  "type": "SPI_NAND",
  "minIoSize": "2KiB",
  "pageSize": "2KiB",
  "pebSize": "128KiB",
  "sectorSize": "128KiB",
  "blockSize": "128KiB",
  "flashSize": "128MiB",
  "erasedValue": "0xFF",
  "devices": [
    {
      "name": "GD5F1GQ5U",
      "manufacturer": "GigaDevice",
      "vendorId": "0xC8",
      "deviceId": "0x51"
    },
    {
      "name": "GD5F1GQ5R",
      "manufacturer": "GigaDevice",
      "vendorId": "0xC8",
      "deviceId": "0x41"
    },
    {
      "name": "GD5F1GM7U",
      "manufacturer": "GigaDevice",
      "vendorId": "0xC8",
      "deviceId": "0x91"
    },
    {
      "name": "GD5F1GM7R",
      "manufacturer": "GigaDevice",
      "vendorId": "0xC8",
      "deviceId": "0x81"
    },
    {
      "name": "DS35M1GA",
      "manufacturer": "Dosilicon",
      "vendorId": "0xE5",
      "deviceId": "0x21"
    },
    {
      "name": "XT26Q01D",
      "manufacturer": "Xtxtech",
      "vendorId": "0x0B",
      "deviceId": "0x51"
    }
  ]
}
