{
   "name" : "ASR1602_SINGLE_FLASH_LAYOUT_04MB_OPENSDK",
   "partitions" : [
      {
         "format" : "flash",
         "name" : "qspi",
         "partitions" : [
            {
               "format" : "ubi",
               "name" : "bootloader",
               "size" : "80KiB"
            },
            {
               "format" : "part",
               "name" : "system",
               "partitions" : [
                  {
                     "format" : "raw",
                     "name" : "ptable",
                     "size" : "4KiB"
                  },
                  {
                     "disable" : true,
                     "format" : "raw",
                     "name" : "fwcerts",
                     "size" : "12KiB"
                  },
                  {
                     "format" : "raw",
                     "name" : "rd",
                     "size" : "32KiB"
                  },
                  {
                     "disable" : true,
                     "format" : "raw",
                     "name" : "apn",
                     "size" : "32KiB"
                  },
                  {
                     "format" : "raw",
                     "name" : "cp",
                     "size" : "0"
                  },
                  {
                     "format" : "raw",
                     "name" : "dsp",
                     "size" : "0"
                  },
                  {
                     "format" : "raw",
                     "name" : "rfbin",
                     "size" : "0"
                  },
                  {
                     "disable" : true,
                     "format" : "raw",
                     "name" : "logo",
                     "size" : "0"
                  }
               ],
               "size" : "0"
            },
            {
               "format" : "raw",
               "name" : "reserved",
               "size" : "-1"
            },
            {
               "format" : "cust",
               "name" : "customer_app",
               "size" : "256KiB"
            },
            {
               "format" : "raw",
               "name" : "cus_data",
               "size" : "32KiB"
            },
            {
               "format" : "cust",
               "name" : "fota_param",
               "size" : "12KiB"
            },
            {
               "disable" : true,
               "format" : "raw",
               "name" : "fota_pkg",
               "size" : "4KiB"
            },
            {
               "format" : "raw",
               "name" : "nvm",
               "size" : "444KiB"
            },
            {
               "format" : "part",
               "name" : "factory",
               "partitions" : [
                  {
                     "format" : "raw",
                     "name" : "factory_a",
                     "size" : "24KiB"
                  }
               ],
               "size" : "0"
            }
         ],
         "vstart" : "0x80000000"
      }
   ]
}
