{
   "firmwareGenerator" : {
      "call-max-download-size" : "60KiB",
      "flash-max-download-size" : "1MiB",
      "name" : "crane",
      "use-lzma-compression" : true
   },
   "flashes" : null,
   "fota" : [ "system" ],
   "hashAlg" : "sha256",
   "keyAlg" : "rsa",
   "layout" : null,
   "name" : "ASR1602_EVB",
   "nvCounter" : null,
   "product" : "arom-tiny",
   "secureBoot" : false,
   "template" : null,
   "variants" : [
      {
         "flashes" : [
            {
               "flash" : "QSPI_NOR_4MB_B64KB_S4KB_P256",
               "name" : "qspi",
               "port" : "QSPI"
            }
         ],
         "layout" : "ASR1602_SINGLE_FLASH_LAYOUT_04MB_OPENSDK",
         "name" : "ASR1602_04MB_OPENSDK",
         "template" : "ASR1602_TEMPLATE_OPENSDK",
         "version-bootrom" : "2022.11.06"
      }
   ],
   "version" : "0.6",
   "version-bootrom" : null
}
